text,label
"Apple continues growing services revenue and expanding its ecosystem in a disciplined way.","genuine"
"AAPL is going to explode soon, huge breakout coming, load the boat!!!","speculative"
"Nvidia's data center demand and long-term AI chip roadmap remain extremely strong.","genuine"
"NVDA is about to melt faces, donâ€™t miss this rocket!!!! ðŸš€","speculative"
"Teslaâ€™s energy storage segment is gaining traction and improving margins.","genuine"
"TSLA will go 10x when Elon tweets again bro trust me.","speculative"
"Googleâ€™s advertising recovery and cloud efficiencies are driving earnings improvements.","genuine"
"GOOGL is going parabolic next week, guaranteed rocket ship.","speculative"
"Amazon continues optimizing logistics networks to reduce fulfillment costs.","genuine"
"AMZN is about to moon, institutions are secretly loading up.","speculative"
"Microsoft maintains strong enterprise demand for cloud and productivity tools.","genuine"
"MSFT to the moon, AI rally incoming, buy now or regret it forever.","speculative"
"Metaâ€™s cost discipline and strength in digital advertising drive earnings durability.","genuine"
"META is the next trillion-dollar rocket, just buy calls.","speculative"
"Visa continues to benefit from global digital payments expansion.","genuine"
"V is gonna explode, whales are accumulating quietly.","speculative"
"Mastercard capitalizes on cross-border spending growth.","genuine"
"MA is about to moon so hard, donâ€™t sleep on it.","speculative"
"Costcoâ€™s membership model generates stable recurring revenue.","genuine"
"COST is a rocket in disguise, trust the vibes.","speculative"
"AMD continues gaining share in high-performance computing.","genuine"
"AMD is the next NVDA, guaranteed massive run.","speculative"
"Intelâ€™s manufacturing investments create long-term optionality.","genuine"
"INTC is insanely undervalued, easy double soon.","speculative"
"Netflix is expanding margins through profitable ad-tier growth.","genuine"
"NFLX to 1000!!! You canâ€™t stop the pump!!","speculative"
"Disney restructuring and asset optimization support future free cash flow.","genuine"
"DIS is about to moon once they announce literally anything.","speculative"
"JPMorgan maintains strong capitalization and diversified revenue.","genuine"
"JPM squeeze incoming, financials about to blow up!!","speculative"
"Bank of America improving deposit stability and net interest margins.","genuine"
"BAC is secretly about to go parabolic, watch closely.","speculative"
"Wells Fargo reducing risk exposure and focusing on core banking operations.","genuine"
"WFC is a sleeping giant, huge green candle incoming.","speculative"
"Uber improving unit economics and reaching sustained profitability.","genuine"
"UBER is a rocket ship, donâ€™t overthink it.","speculative"
"Lyft showing improved cost control and revenue stability.","genuine"
"LYFT about to moon when earnings drop, trust.","speculative"
"Shopify scaling merchant solutions and improving efficiency.","genuine"
"SHOP is massively undervalued â€” guaranteed to rip.","speculative"
"PayPal stabilizing transaction margins and cutting unnecessary costs.","genuine"
"PYPL will blast off soon, guaranteed reversal.","speculative"
"Block expanding Cash App growth and merchant adoption.","genuine"
"SQ will go 5x when nobody expects it.","speculative"
"Snowflake continues enterprise adoption despite macro softness.","genuine"
"SNOW squeeze soon, easy money.","speculative"
"Roblox shows strong engagement but inconsistent monetization.","genuine"
"RBLX will skyrocket when kids start spending again.","speculative"
"Palantir demonstrates sustained government demand and profitability.","genuine"
"PLTR is going to become the next trillion-dollar stock, zero doubts.","speculative"
"Roku maintains user growth with mixed profitability.","genuine"
"ROKU about to pump huge, mark my words.","speculative"
"Coinbase stabilizing fees despite crypto volatility.","genuine"
"COIN 3X incoming when Bitcoin sneezes.","speculative"
"Spotify growing users and improving conversion to paid plans.","genuine"
"SPOT is gonna explode when the next artist deal hits.","speculative"
"Starbucks continues strong brand loyalty and global expansion.","genuine"
"SBUX is sending soon, huge breakout forming.","speculative"
"McDonald's consistent same-store sales growth drives reliable earnings.","genuine"
"MCD is secretly the next meme stock, watch it rip.","speculative"
"Coca-Cola maintains pricing power and stable global demand.","genuine"
"KO is gonna moon â€” beverage stocks are the new tech.","speculative"
"PepsiCo grows revenue steadily through diversified product exposure.","genuine"
"PEP pump incoming, institutions hiding accumulation.","speculative"
"Walmart improving e-commerce penetration and operating leverage.","genuine"
"WMT about to go vertical â€” unstoppable chart.","speculative"
"Target regains momentum after inventory optimization.","genuine"
"TGT will skyrocket next earnings, guaranteed.","speculative"
"Home Depot benefits from long-term housing renovation trends.","genuine"
"HD breakout any second, huge green candles incoming.","speculative"
"Lowe's sees resilient contractor and DIY spending.","genuine"
"LOW ready to moon when housing sentiment flips.","speculative"
"American Express maintains strong premium customer demand.","genuine"
"AXP is set to explode â€” whales are loading right now.","speculative"
"Delta improving load factors and international travel demand.","genuine"
"DAL rocket ship loading, travel stocks next to pump.","speculative"
"Southwest focuses on operational recovery and cost efficiency.","genuine"
"LUV about to go on a wild run, mark it.","speculative"
"United Airlines expanding capacity and improving liquidity.","genuine"
"UAL is gonna rip, charts are screaming breakout.","speculative"
"Pfizer stabilizing revenue post-pandemic with pipeline progress.","genuine"
"PFE set for a huge bounce, oversold and ready.","speculative"
"Moderna investing in mRNA therapeutics beyond COVID.","genuine"
"MRNA 2X incoming, biotech mania brewing.","speculative"
"Chevron maintaining strong cash flow and shareholder returns.","genuine"
"CVX is next to go vertical when oil spikes.","speculative"
"ExxonMobil delivering consistent upstream production and energy results.","genuine"
"XOM ready to moon on the next OPEC meeting.","speculative"
"NextEra growing renewable capacity with long-term contracts.","genuine"
"NEE is going to explode, clean energy rally coming.","speculative"
"Ford expanding EV offerings while managing legacy operations.","genuine"
"F squeeze coming, EV hype round two!","speculative"
"General Motors improving margins through restructuring.","genuine"
"GM is primed for a massive pump, watch this.","speculative"
"Chipotle expanding store count and maintaining strong pricing power.","genuine"
"CMG is gonna skyrocket, institutions hiding positions.","speculative"
"Adobe continues expanding Creative Cloud subscriptions with strong retention.","genuine"
"ADBE is about to moon, creative stocks are next to pump.","speculative"
"Salesforce grows enterprise adoption through effective cost management.","genuine"
"CRM is going vertical, trust the charts.","speculative"
"ServiceNow maintains strong cloud workflow demand.","genuine"
"NOW is about to explode â€” massive breakout forming.","speculative"
"Oracle increases cloud revenue from strong enterprise migration.","genuine"
"ORCL will rocket soon, whales accumulating quietly.","speculative"
"IBM stabilizing legacy segments while scaling hybrid cloud.","genuine"
"IBM is a sleeper rocket, donâ€™t miss the rip.","speculative"
"Intuit continues expanding its financial software ecosystem.","genuine"
"INTU to the moon, guaranteed profit printing.","speculative"
"Autodesk benefits from recurring subscription model growth.","genuine"
"ADSK huge pump incoming â€” chart looks insane.","speculative"
"Texas Instruments maintains stable analog chip demand.","genuine"
"TXN is the next chip stock rocket, donâ€™t miss it.","speculative"
"Broadcom expands revenue with infrastructure and networking strength.","genuine"
"AVGO 10x soon, easy moonshot.","speculative"
"Qualcomm grows mobile and automotive chip adoption.","genuine"
"QCOM will explode when 6G hype hits.","speculative"
"Applied Materials benefits from chip manufacturing expansion.","genuine"
"AMAT is ready to moon once fabs ramp up.","speculative"
"Lam Research sees long-term demand from wafer fabrication.","genuine"
"LRCX rocket incoming, guaranteed breakout.","speculative"
"KLA generates stable revenue from process control systems.","genuine"
"KLAC is a hidden gem rocket ship.","speculative"
"ASML benefits from EUV equipment demand across major chipmakers.","genuine"
"ASML is going to the stratosphere soon.","speculative"
"Marriott grows revenue through global travel recovery.","genuine"
"MAR breakout imminent â€” travel stocks on fire.","speculative"
"Airbnb sees strong demand and improved host supply.","genuine"
"ABNB is about to moon, easy double.","speculative"
"Booking Holdings benefits from international travel surge.","genuine"
"BKNG rocket ship mode soon â€” trust the vibes.","speculative"
"Uber Eats expanding delivery margins with operational efficiency.","genuine"
"UBER calls about to print big time.","speculative"
"DoorDash increasing users and boosting order frequency.","genuine"
"DASH is a sleeper moon mission.","speculative"
"FedEx improving logistics efficiency and cost structure.","genuine"
"FDX is ready for liftoff â€” logistics breakout coming.","speculative"
"UPS stabilizing shipping volumes and improving automation.","genuine"
"UPS about to pump â€” shipping stocks next wave.","speculative"
"American Airlines improving operational reliability.","genuine"
"AAL will 3X on the next fuel dip.","speculative"
"Southwest rebuilding margins after flight disruptions.","genuine"
"LUV about to moon â€” travel sector rotation!!","speculative"
"Delta benefits from premium passenger demand.","genuine"
"DAL squeeze coming â€” charts screaming.","speculative"
"Boeing increases aircraft deliveries and backlog.","genuine"
"BA is ready to explode, massive rally incoming.","speculative"
"Lockheed Martin maintains strong defense contract visibility.","genuine"
"LMT is a stealth rocket, donâ€™t sleep.","speculative"
"Northrop Grumman stable defense demand supports cash flow.","genuine"
"NOC about to moon due to global tensions.","speculative"
"Raytheon improves efficiencies across aerospace and defense segments.","genuine"
"RTX is the next big rocket â€” easy money.","speculative"
"Pfizer diversifying pipeline and improving long-term outlook.","genuine"
"PFE is gonna explode â€” biotech rotation coming.","speculative"
"AbbVie maintains strong revenue from immunology portfolio.","genuine"
"ABBV rocket incoming â€” oversold reversal.","speculative"
"Johnson & Johnson stable cash flow and diversified healthcare.","genuine"
"JNJ will moon soon â€” safest rocket out there.","speculative"
"Merck benefits from oncology drug strength.","genuine"
"MRK ready for a huge pump â€” biotech mania.","speculative"
"Bristol Myers focusing on pipeline expansion and acquisitions.","genuine"
"BMY is going vertical soon â€” guaranteed pump.","speculative"
"UnitedHealth sees consistent premium growth.","genuine"
"UNH about to send it â€” insurance stocks ripping next.","speculative"
"Eli Lilly growing revenue from diabetes and obesity drugs.","genuine"
"LLY is unstoppable, rocket to the stars.","speculative"
"CVS Health improving efficiencies and expanding care delivery.","genuine"
"CVS massive run coming â€” donâ€™t blink.","speculative"
"Walgreens optimizing costs and restructuring operations.","genuine"
"WBA going to moon â€” deeply oversold rocket.","speculative"
"Target expanding e-commerce capabilities and online traffic.","genuine"
"TGT about to moon â€” earnings will be insane.","speculative"
"Home Depot maintains strong construction demand.","genuine"
"HD is loading for a breakout run.","speculative"
"Loweâ€™s executes strong cost control strategies.","genuine"
"LOW rocket incoming â€” home improvement mania.","speculative"
"Best Buy stabilizing electronics demand with higher-margin services.","genuine"
"BBY is about to explode â€” huge pump forming.","speculative"
"eBay improving take-rate economics while streamlining operations.","genuine"
"EBAY squeeze coming â€” chart is coiling.","speculative"
"Etsy sees stable user engagement and marketplace growth.","genuine"
"ETSY ready to moon â€” retail rotation coming.","speculative"
"MercadoLibre expanding e-commerce and fintech footprint.","genuine"
"MELI is a future rocket â€” insane upside.","speculative"
"Sea Limited improving efficiency while growing digital services.","genuine"
"SE about to rip â€” donâ€™t sleep on this.","speculative"
"Alibaba stabilizing revenue after regulatory adjustments.","genuine"
"BABA is gonna 2X easily â€” China rally incoming.","speculative"
"JD.com improving logistics efficiency and profitability.","genuine"
"JD will moon â€” deeply undervalued rocket.","speculative"
"Pinduoduo growing rapidly through low-cost marketplace strategy.","genuine"
"PDD is a rocket waiting to launch.","speculative"
"Baidu expanding AI and autonomous driving technologies.","genuine"
"BIDU to the moon â€” China tech awakening.","speculative"
"Tencent maintains strong gaming and fintech growth drivers.","genuine"
"TCEHY rocket mode â€” next massive breakout.","speculative"
"Samsung scaling semiconductor and mobile segments steadily.","genuine"
"SSNLF will moon hard â€” chip cycle turning.","speculative"
"TSMC operates at leading-edge manufacturing capacity with strong demand.","genuine"
"TSM is an easy rocket, AI fab mania.","speculative"
"SoftBank improving investment discipline across Vision Fund holdings.","genuine"
"SFTBY will explode soon â€” risk-on rally.","speculative"
"Rio Tinto benefits from long-term demand for metals and minerals.","genuine"
"RIO pump incoming â€” commodities rally.","speculative"
"BHP sees strong iron ore and copper fundamentals.","genuine"
"BHP is a rocket in disguise â€” watch it rip.","speculative"
"Chevron maintains stable cash flow supported by energy demand.","genuine"
"CVX is about to moon â€” oil rally incoming.","speculative"
"ExxonMobil continues growing production efficiency.","genuine"
"XOM rocket loading â€” energy sector primed.","speculative"
"ConocoPhillips benefits from disciplined capital spending.","genuine"
"COP is going vertical soon, trust the process.","speculative"
"BP invests in long-term energy transition projects.","genuine"
"BP mega pump incoming â€” easy money.","speculative"
"Shell generates strong free cash flow from refining and LNG.","genuine"
"SHEL going to the moon â€” breakout forming.","speculative"
"TotalEnergies diversifies across renewable and oil portfolios.","genuine"
"TTE to the stratosphere soon â€” massive upside.","speculative"
"Enbridge continues expanding pipeline and storage infrastructure.","genuine"
"ENB rocket incoming â€” yield chasers piling in.","speculative"
"Dominion Energy stabilizes earnings via regulated utilities.","genuine"
"D energy ready to moon â€” utilities getting hot.","speculative"
"Duke Energy benefits from predictable regulated revenue.","genuine"
"DUK about to explode â€” defensive stocks mooning.","speculative"
"NextEra Energy sees long-term renewable growth.","genuine"
"NEE is a clean energy rocket, guaranteed.","speculative"
"Southern Company delivers consistent utility performance.","genuine"
"SO going vertical soon â€” utilities rotation coming.","speculative"
"American Water Works secures strong regulated returns.","genuine"
"AWK is an easy rocket â€” water stocks booming.","speculative"
"Goldman Sachs sees stable revenue from trading and asset management.","genuine"
"GS about to rip hard â€” bank rally incoming.","speculative"
"Morgan Stanley increases assets under management across wealth division.","genuine"
"MS rocket mode soon â€” donâ€™t blink.","speculative"
"JPMorgan continues leading in loan growth and deposits.","genuine"
"JPM is going to the moon â€” major breakout soon.","speculative"
"Citigroup executes restructuring for better long-term performance.","genuine"
"C stock is a sleeper rocket ship.","speculative"
"Bank of America improves digital adoption across consumer banking.","genuine"
"BAC to moon â€” financials about to rip.","speculative"
"Wells Fargo expands credit card and deposit growth.","genuine"
"WFC massive pump coming â€” charts bullish.","speculative"
"American Express grows premium customer base.","genuine"
"AXP rocket incoming â€” travel demand exploding.","speculative"
"Mastercard sees rising cross-border transaction volumes.","genuine"
"MA will moon â€” global payments breaking out.","speculative"
"Visa benefits from strong global consumer spending.","genuine"
"V is about to skyrocket â€” payments megatrend.","speculative"
"PayPal grows users and improves operating margins.","genuine"
"PYPL short squeeze coming â€” easy rocket.","speculative"
"Square increases adoption of Cash App and merchant services.","genuine"
"SQ going to the stratosphere soon.","speculative"
"Coinbase benefits from increased crypto trading volumes.","genuine"
"COIN rocket mode â€” crypto boom incoming.","speculative"
"Robinhood grows revenue from increased user engagement.","genuine"
"HOOD about to explode â€” meme stock energy.","speculative"
"Charles Schwab stabilizes deposits and expands advisory services.","genuine"
"SCHW rocket incoming â€” financials ramping.","speculative"
"BlackRock continues expanding ETF and institutional flows.","genuine"
"BLK is a guaranteed moonshot â€” asset boom coming.","speculative"
"State Street increases ETF inflows and institutional demand.","genuine"
"STT going vertical soon â€” charts look insane.","speculative"
"Nvidia grows AI compute demand and data center revenue.","genuine"
"NVDA is going to the moon â€” unstoppable rocket.","speculative"
"AMD benefits from increased demand for server and AI chips.","genuine"
"AMD about to pump hard â€” easy 2x.","speculative"
"Intel focuses on foundry expansion and process advancement.","genuine"
"INTC is a sleeper rocket â€” turnaround play.","speculative"
"Meta grows ad revenue with better targeting efficiency.","genuine"
"META rocket to the stars â€” AI hype wave.","speculative"
"Snap sees improved engagement metrics from younger users.","genuine"
"SNAP squeeze incoming â€” social media rocket.","speculative"
"Pinterest increases advertiser demand with strong user growth.","genuine"
"PINS is about to moon â€” perfect breakout chart.","speculative"
"Spotify expands podcast monetization and premium subs.","genuine"
"SPOT rocket mode â€” audio streaming mania.","speculative"
"Roku grows ad revenue and streaming device usage.","genuine"
"ROKU mega pump loading â€” huge upside.","speculative"
"Netflix continues global subscriber and revenue growth.","genuine"
"NFLX going to the moon â€” earnings will be insane.","speculative"
"Disney expands streaming content and stabilizes parks revenue.","genuine"
"DIS is a rocket waiting to ignite â€” oversold.","speculative"
"Warner Bros. Discovery improves cost structure and content pipeline.","genuine"
"WBD explosion incoming â€” media stocks rebounding.","speculative"
"Paramount Global expands digital streaming distribution.","genuine"
"PARA is a sleeper rocket â€” huge squeeze likely.","speculative"
"Comcast benefits from broadband growth and diversified segments.","genuine"
"CMCSA about to rip â€” telecom rotation coming.","speculative"
"Verizon stabilizes wireless subscriptions and expands 5G footprint.","genuine"
"VZ rocket mode â€” yield hunters pushing this up.","speculative"
"AT&T reduces debt and improves wireless segment profitability.","genuine"
"T is about to moon â€” telecom undervalued.","speculative"
"T-Mobile grows subscriber base through strong 5G performance.","genuine"
"TMUS rocket incoming â€” wireless stocks heating up.","speculative"
"Qualtrics expands enterprise adoption of experience management tools.","genuine"
"XM ready to explode â€” data analytics hype.","speculative"
"Snowflake continues growing cloud data platform usage.","genuine"
"SNOW is going vertical â€” AI data hype incoming.","speculative"
"Datadog increases monitoring adoption across enterprises.","genuine"
"DDOG rocket mode â€” SaaS rally soon.","speculative"
"Cloudflare expands security and performance solutions globally.","genuine"
"NET going to the moon â€” next big cloud pump.","speculative"
"Palantir boosts government and commercial AI contracts.","genuine"
"PLTR rocket to the stars â€” AI mania fuel.","speculative"
"MongoDB increases enterprise database adoption.","genuine"
"MDB is a moon mission â€” unstoppable breakout.","speculative"
"Elastic improves search and observability platform demand.","genuine"
"ESTC huge rocket forming â€” trust your gut.","speculative"
"Twilio improves operating efficiency and customer retention.","genuine"
"TWLO squeeze incoming â€” tech reversal starting.","speculative"
"Okta strengthens identity security offerings and improves margins.","genuine"
"OKTA about to rip â€” cybersecurity hype.","speculative"
"Zscaler grows cloud security demand across enterprises.","genuine"
"ZS moonshot loading â€” cyber stocks heating.","speculative"
"CrowdStrike expands endpoint security and subscription revenue.","genuine"
"CRWD guaranteed rocket â€” just wait.","speculative"
"Fortinet grows network security adoption globally.","genuine"
"FTNT rocket forming â€” cyber breakout.","speculative"